<?xml version="1.0" encoding="UTF-8"?>
<definitions xmlns="http://www.omg.org/spec/BPMN/20100524/MODEL" xmlns:xsi="http://www.w3.org/2001/XMLSchema-instance" xmlns:activiti="http://activiti.org/bpmn" xmlns:bpmndi="http://www.omg.org/spec/BPMN/20100524/DI" xmlns:omgdc="http://www.omg.org/spec/DD/20100524/DC" xmlns:omgdi="http://www.omg.org/spec/DD/20100524/DI" typeLanguage="http://www.w3.org/2001/XMLSchema" expressionLanguage="http://www.w3.org/1999/XPath" targetNamespace="http://www.activiti.org/test">
  <process id="expense" name="报销流程">
    <startEvent id="startevent1" name="Start"></startEvent>
    <userTask id="usertask1" name="提交申请" activiti:candidateUsers="${model.user.userName}"></userTask>
    <userTask id="usertask2" name="主管">
      <extensionElements>
        <activiti:taskListener event="create" delegateExpression="${departManagerListener}"></activiti:taskListener>
      </extensionElements>
    </userTask>
    <userTask id="usertask3" name="经理" activiti:candidateGroups="经理"></userTask>
    <exclusiveGateway id="exclusivegateway1" name="Exclusive Gateway"></exclusiveGateway>
    <userTask id="usertask4" name="总经理" activiti:candidateGroups="总经理"></userTask>
    <serviceTask id="servicetask1" name="审批成功" activiti:delegateExpression="${updateSuccessStatusService}"></serviceTask>
    <serviceTask id="servicetask2" name="审批失败" activiti:delegateExpression="${updateFailStatusService}"></serviceTask>
    <endEvent id="endevent1" name="End"></endEvent>
    <endEvent id="endevent2" name="End"></endEvent>
    <userTask id="usertask5" name="财务主管" activiti:candidateGroups="财务主管"></userTask>
    <sequenceFlow id="flow1" name="" sourceRef="startevent1" targetRef="usertask1"></sequenceFlow>
    <sequenceFlow id="flow2" name="提交申请" sourceRef="usertask1" targetRef="usertask2"></sequenceFlow>
    <sequenceFlow id="flow111" name="批准" sourceRef="usertask2" targetRef="usertask3">
      <conditionExpression xsi:type="tFormalExpression"><![CDATA[${transition=='批准'}]]></conditionExpression>
    </sequenceFlow>
    <sequenceFlow id="flow171" name="批准" sourceRef="usertask3" targetRef="exclusivegateway1">
      <conditionExpression xsi:type="tFormalExpression"><![CDATA[${transition=='批准'}]]></conditionExpression>
    </sequenceFlow>
    <sequenceFlow id="flow5" name="model.money &gt;=1000" sourceRef="exclusivegateway1" targetRef="usertask4">
      <conditionExpression xsi:type="tFormalExpression"><![CDATA[${model.expenseMoney >=1000}]]></conditionExpression>
    </sequenceFlow>
    <sequenceFlow id="flow7" name="" sourceRef="servicetask1" targetRef="endevent1"></sequenceFlow>
    <sequenceFlow id="flow8" name="" sourceRef="servicetask2" targetRef="endevent2"></sequenceFlow>
    <sequenceFlow id="flow10" name="不批" sourceRef="usertask4" targetRef="servicetask2">
      <conditionExpression xsi:type="tFormalExpression"><![CDATA[${transition=='不批'}]]></conditionExpression>
    </sequenceFlow>
    <sequenceFlow id="flow110" name="不批" sourceRef="usertask2" targetRef="servicetask2">
      <conditionExpression xsi:type="tFormalExpression"><![CDATA[${transition=='不批'}]]></conditionExpression>
    </sequenceFlow>
    <sequenceFlow id="flow172" name="不批" sourceRef="usertask3" targetRef="servicetask2">
      <conditionExpression xsi:type="tFormalExpression"><![CDATA[${transition=='不批'}]]></conditionExpression>
    </sequenceFlow>
    <sequenceFlow id="flow13" name="model.money&lt;1000" sourceRef="exclusivegateway1" targetRef="usertask5">
      <conditionExpression xsi:type="tFormalExpression"><![CDATA[${model.expenseMoney<1000}]]></conditionExpression>
    </sequenceFlow>
    <sequenceFlow id="flow14" name="给钱" sourceRef="usertask5" targetRef="servicetask1"></sequenceFlow>
    <sequenceFlow id="flow15" name="批准" sourceRef="usertask4" targetRef="usertask5">
      <conditionExpression xsi:type="tFormalExpression"><![CDATA[${transition=='批准'}]]></conditionExpression>
    </sequenceFlow>
    <sequenceFlow id="flow16" name="驳回" sourceRef="usertask2" targetRef="usertask1">
      <conditionExpression xsi:type="tFormalExpression"><![CDATA[${transition=='驳回'}]]></conditionExpression>
    </sequenceFlow>
    <sequenceFlow id="flow170" name="驳回" sourceRef="usertask3" targetRef="usertask1">
      <conditionExpression xsi:type="tFormalExpression"><![CDATA[${transition=='驳回'}]]></conditionExpression>
    </sequenceFlow>
  </process>
  <bpmndi:BPMNDiagram id="BPMNDiagram_expense">
    <bpmndi:BPMNPlane bpmnElement="expense" id="BPMNPlane_expense">
      <bpmndi:BPMNShape bpmnElement="startevent1" id="BPMNShape_startevent1">
        <omgdc:Bounds height="35" width="35" x="55" y="40"></omgdc:Bounds>
      </bpmndi:BPMNShape>
      <bpmndi:BPMNShape bpmnElement="usertask1" id="BPMNShape_usertask1">
        <omgdc:Bounds height="55" width="105" x="20" y="123"></omgdc:Bounds>
      </bpmndi:BPMNShape>
      <bpmndi:BPMNShape bpmnElement="usertask2" id="BPMNShape_usertask2">
        <omgdc:Bounds height="55" width="105" x="186" y="123"></omgdc:Bounds>
      </bpmndi:BPMNShape>
      <bpmndi:BPMNShape bpmnElement="usertask3" id="BPMNShape_usertask3">
        <omgdc:Bounds height="55" width="105" x="186" y="220"></omgdc:Bounds>
      </bpmndi:BPMNShape>
      <bpmndi:BPMNShape bpmnElement="exclusivegateway1" id="BPMNShape_exclusivegateway1">
        <omgdc:Bounds height="40" width="40" x="350" y="227"></omgdc:Bounds>
      </bpmndi:BPMNShape>
      <bpmndi:BPMNShape bpmnElement="usertask4" id="BPMNShape_usertask4">
        <omgdc:Bounds height="55" width="105" x="430" y="128"></omgdc:Bounds>
      </bpmndi:BPMNShape>
      <bpmndi:BPMNShape bpmnElement="servicetask1" id="BPMNShape_servicetask1">
        <omgdc:Bounds height="55" width="105" x="590" y="220"></omgdc:Bounds>
      </bpmndi:BPMNShape>
      <bpmndi:BPMNShape bpmnElement="servicetask2" id="BPMNShape_servicetask2">
        <omgdc:Bounds height="55" width="105" x="430" y="30"></omgdc:Bounds>
      </bpmndi:BPMNShape>
      <bpmndi:BPMNShape bpmnElement="endevent1" id="BPMNShape_endevent1">
        <omgdc:Bounds height="35" width="35" x="625" y="320"></omgdc:Bounds>
      </bpmndi:BPMNShape>
      <bpmndi:BPMNShape bpmnElement="endevent2" id="BPMNShape_endevent2">
        <omgdc:Bounds height="35" width="35" x="580" y="40"></omgdc:Bounds>
      </bpmndi:BPMNShape>
      <bpmndi:BPMNShape bpmnElement="usertask5" id="BPMNShape_usertask5">
        <omgdc:Bounds height="55" width="105" x="430" y="220"></omgdc:Bounds>
      </bpmndi:BPMNShape>
      <bpmndi:BPMNEdge bpmnElement="flow1" id="BPMNEdge_flow1">
        <omgdi:waypoint x="72" y="75"></omgdi:waypoint>
        <omgdi:waypoint x="72" y="123"></omgdi:waypoint>
      </bpmndi:BPMNEdge>
      <bpmndi:BPMNEdge bpmnElement="flow2" id="BPMNEdge_flow2">
        <omgdi:waypoint x="125" y="150"></omgdi:waypoint>
        <omgdi:waypoint x="158" y="150"></omgdi:waypoint>
        <omgdi:waypoint x="186" y="150"></omgdi:waypoint>
        <bpmndi:BPMNLabel>
          <omgdc:Bounds height="14" width="100" x="-25" y="5"></omgdc:Bounds>
        </bpmndi:BPMNLabel>
      </bpmndi:BPMNEdge>
      <bpmndi:BPMNEdge bpmnElement="flow111" id="BPMNEdge_flow111">
        <omgdi:waypoint x="238" y="178"></omgdi:waypoint>
        <omgdi:waypoint x="238" y="220"></omgdi:waypoint>
        <bpmndi:BPMNLabel>
          <omgdc:Bounds height="14" width="100" x="9" y="-11"></omgdc:Bounds>
        </bpmndi:BPMNLabel>
      </bpmndi:BPMNEdge>
      <bpmndi:BPMNEdge bpmnElement="flow171" id="BPMNEdge_flow171">
        <omgdi:waypoint x="291" y="247"></omgdi:waypoint>
        <omgdi:waypoint x="350" y="247"></omgdi:waypoint>
        <bpmndi:BPMNLabel>
          <omgdc:Bounds height="14" width="100" x="-20" y="-20"></omgdc:Bounds>
        </bpmndi:BPMNLabel>
      </bpmndi:BPMNEdge>
      <bpmndi:BPMNEdge bpmnElement="flow5" id="BPMNEdge_flow5">
        <omgdi:waypoint x="370" y="227"></omgdi:waypoint>
        <omgdi:waypoint x="369" y="155"></omgdi:waypoint>
        <omgdi:waypoint x="430" y="155"></omgdi:waypoint>
        <bpmndi:BPMNLabel>
          <omgdc:Bounds height="42" width="100" x="11" y="13"></omgdc:Bounds>
        </bpmndi:BPMNLabel>
      </bpmndi:BPMNEdge>
      <bpmndi:BPMNEdge bpmnElement="flow7" id="BPMNEdge_flow7">
        <omgdi:waypoint x="642" y="275"></omgdi:waypoint>
        <omgdi:waypoint x="642" y="320"></omgdi:waypoint>
      </bpmndi:BPMNEdge>
      <bpmndi:BPMNEdge bpmnElement="flow8" id="BPMNEdge_flow8">
        <omgdi:waypoint x="535" y="57"></omgdi:waypoint>
        <omgdi:waypoint x="580" y="57"></omgdi:waypoint>
      </bpmndi:BPMNEdge>
      <bpmndi:BPMNEdge bpmnElement="flow10" id="BPMNEdge_flow10">
        <omgdi:waypoint x="482" y="128"></omgdi:waypoint>
        <omgdi:waypoint x="482" y="85"></omgdi:waypoint>
        <bpmndi:BPMNLabel>
          <omgdc:Bounds height="14" width="100" x="10" y="0"></omgdc:Bounds>
        </bpmndi:BPMNLabel>
      </bpmndi:BPMNEdge>
      <bpmndi:BPMNEdge bpmnElement="flow110" id="BPMNEdge_flow110">
        <omgdi:waypoint x="238" y="123"></omgdi:waypoint>
        <omgdi:waypoint x="238" y="57"></omgdi:waypoint>
        <omgdi:waypoint x="430" y="57"></omgdi:waypoint>
        <bpmndi:BPMNLabel>
          <omgdc:Bounds height="14" width="100" x="-1" y="-17"></omgdc:Bounds>
        </bpmndi:BPMNLabel>
      </bpmndi:BPMNEdge>
      <bpmndi:BPMNEdge bpmnElement="flow172" id="BPMNEdge_flow172">
        <omgdi:waypoint x="238" y="220"></omgdi:waypoint>
        <omgdi:waypoint x="382" y="136"></omgdi:waypoint>
        <omgdi:waypoint x="482" y="85"></omgdi:waypoint>
        <bpmndi:BPMNLabel>
          <omgdc:Bounds height="14" width="100" x="-40" y="-3"></omgdc:Bounds>
        </bpmndi:BPMNLabel>
      </bpmndi:BPMNEdge>
      <bpmndi:BPMNEdge bpmnElement="flow13" id="BPMNEdge_flow13">
        <omgdi:waypoint x="390" y="247"></omgdi:waypoint>
        <omgdi:waypoint x="430" y="247"></omgdi:waypoint>
        <bpmndi:BPMNLabel>
          <omgdc:Bounds height="14" width="100" x="-50" y="27"></omgdc:Bounds>
        </bpmndi:BPMNLabel>
      </bpmndi:BPMNEdge>
      <bpmndi:BPMNEdge bpmnElement="flow14" id="BPMNEdge_flow14">
        <omgdi:waypoint x="535" y="247"></omgdi:waypoint>
        <omgdi:waypoint x="590" y="247"></omgdi:waypoint>
        <bpmndi:BPMNLabel>
          <omgdc:Bounds height="14" width="100" x="-14" y="-20"></omgdc:Bounds>
        </bpmndi:BPMNLabel>
      </bpmndi:BPMNEdge>
      <bpmndi:BPMNEdge bpmnElement="flow15" id="BPMNEdge_flow15">
        <omgdi:waypoint x="482" y="183"></omgdi:waypoint>
        <omgdi:waypoint x="482" y="220"></omgdi:waypoint>
        <bpmndi:BPMNLabel>
          <omgdc:Bounds height="14" width="100" x="10" y="-1"></omgdc:Bounds>
        </bpmndi:BPMNLabel>
      </bpmndi:BPMNEdge>
      <bpmndi:BPMNEdge bpmnElement="flow16" id="BPMNEdge_flow16">
        <omgdi:waypoint x="238" y="123"></omgdi:waypoint>
        <omgdi:waypoint x="155" y="104"></omgdi:waypoint>
        <omgdi:waypoint x="72" y="123"></omgdi:waypoint>
        <bpmndi:BPMNLabel>
          <omgdc:Bounds height="14" width="100" x="-7" y="-11"></omgdc:Bounds>
        </bpmndi:BPMNLabel>
      </bpmndi:BPMNEdge>
      <bpmndi:BPMNEdge bpmnElement="flow170" id="BPMNEdge_flow170">
        <omgdi:waypoint x="186" y="247"></omgdi:waypoint>
        <omgdi:waypoint x="72" y="247"></omgdi:waypoint>
        <omgdi:waypoint x="72" y="178"></omgdi:waypoint>
        <bpmndi:BPMNLabel>
          <omgdc:Bounds height="14" width="100" x="6" y="-20"></omgdc:Bounds>
        </bpmndi:BPMNLabel>
      </bpmndi:BPMNEdge>
    </bpmndi:BPMNPlane>
  </bpmndi:BPMNDiagram>
</definitions>