<?xml version="1.0" encoding="UTF-8"?>
<definitions xmlns="http://www.omg.org/spec/BPMN/20100524/MODEL" xmlns:xsi="http://www.w3.org/2001/XMLSchema-instance" xmlns:activiti="http://activiti.org/bpmn" xmlns:bpmndi="http://www.omg.org/spec/BPMN/20100524/DI" xmlns:omgdc="http://www.omg.org/spec/DD/20100524/DC" xmlns:omgdi="http://www.omg.org/spec/DD/20100524/DI" typeLanguage="http://www.w3.org/2001/XMLSchema" expressionLanguage="http://www.w3.org/1999/XPath" targetNamespace="http://www.activiti.org/test">
  <process id="leave" name="请假流程">
    <startEvent id="startevent1" name="Start"></startEvent>
    <exclusiveGateway id="exclusivegateway1" name="Exclusive Gateway"></exclusiveGateway>
    <userTask id="usertask1" name="主管">
      <extensionElements>
        <activiti:taskListener event="create" delegateExpression="${departManagerListener}"></activiti:taskListener>
      </extensionElements>
    </userTask>
    <userTask id="usertask3" name="经理" activiti:candidateGroups="经理"></userTask>
    <userTask id="usertask4" name="提交申请" activiti:candidateUsers="${model.user.userName}"></userTask>
    <serviceTask id="servicetask1" name="申请成功" activiti:delegateExpression="${updateSuccessStatusService}"></serviceTask>
    <serviceTask id="servicetask2" name="申请失败" activiti:delegateExpression="${updateFailStatusService}"></serviceTask>
    <endEvent id="endevent1" name="End"></endEvent>
    <exclusiveGateway id="exclusivegateway2" name="Exclusive Gateway"></exclusiveGateway>
    <sequenceFlow id="flow2" name="员工申请" sourceRef="exclusivegateway1" targetRef="usertask1">
      <conditionExpression xsi:type="tFormalExpression"><![CDATA[${model.user.position.positionName=='员工'}]]></conditionExpression>
    </sequenceFlow>
    <sequenceFlow id="flow4" name="主管申请" sourceRef="exclusivegateway1" targetRef="usertask3">
      <conditionExpression xsi:type="tFormalExpression"><![CDATA[${model.user.position.positionName=='主管'}]]></conditionExpression>
    </sequenceFlow>
    <sequenceFlow id="flow5" name="" sourceRef="startevent1" targetRef="usertask4"></sequenceFlow>
    <sequenceFlow id="flow6" name="提交申请" sourceRef="usertask4" targetRef="exclusivegateway1"></sequenceFlow>
    <sequenceFlow id="flow15" name="" sourceRef="servicetask2" targetRef="endevent1"></sequenceFlow>
    <sequenceFlow id="flow16" name="" sourceRef="servicetask1" targetRef="endevent1"></sequenceFlow>
    <sequenceFlow id="flow17" name="驳回" sourceRef="usertask1" targetRef="usertask4">
      <conditionExpression xsi:type="tFormalExpression"><![CDATA[${transition=='驳回'}]]></conditionExpression>
    </sequenceFlow>
    <sequenceFlow id="flow19" name="驳回" sourceRef="usertask3" targetRef="usertask4">
      <conditionExpression xsi:type="tFormalExpression"><![CDATA[${transition=='驳回'}]]></conditionExpression>
    </sequenceFlow>
    <sequenceFlow id="flow20" name="批准" sourceRef="usertask1" targetRef="exclusivegateway2">
      <conditionExpression xsi:type="tFormalExpression"><![CDATA[${transition=='批准'}]]></conditionExpression>
    </sequenceFlow>
    <sequenceFlow id="flow21" name="days&lt;=10" sourceRef="exclusivegateway2" targetRef="servicetask1">
      <conditionExpression xsi:type="tFormalExpression"><![CDATA[${days <=10}]]></conditionExpression>
    </sequenceFlow>
    <sequenceFlow id="flow24" name="不批准" sourceRef="usertask1" targetRef="servicetask2">
      <conditionExpression xsi:type="tFormalExpression"><![CDATA[${transition=='不批准'}]]></conditionExpression>
    </sequenceFlow>
    <sequenceFlow id="flow28" name="批准" sourceRef="usertask3" targetRef="servicetask1">
      <conditionExpression xsi:type="tFormalExpression"><![CDATA[${transition=='批准'}]]></conditionExpression>
    </sequenceFlow>
    <sequenceFlow id="flow29" name="不批准" sourceRef="usertask3" targetRef="servicetask2">
      <conditionExpression xsi:type="tFormalExpression"><![CDATA[${transition=='不批准'}]]></conditionExpression>
    </sequenceFlow>
    <sequenceFlow id="flow30" name="days &gt;10" sourceRef="exclusivegateway2" targetRef="usertask3">
      <conditionExpression xsi:type="tFormalExpression"><![CDATA[${days >10}]]></conditionExpression>
    </sequenceFlow>
  </process>
  <bpmndi:BPMNDiagram id="BPMNDiagram_leave">
    <bpmndi:BPMNPlane bpmnElement="leave" id="BPMNPlane_leave">
      <bpmndi:BPMNShape bpmnElement="startevent1" id="BPMNShape_startevent1">
        <omgdc:Bounds height="35" width="35" x="50" y="167"></omgdc:Bounds>
      </bpmndi:BPMNShape>
      <bpmndi:BPMNShape bpmnElement="exclusivegateway1" id="BPMNShape_exclusivegateway1">
        <omgdc:Bounds height="40" width="40" x="294" y="164"></omgdc:Bounds>
      </bpmndi:BPMNShape>
      <bpmndi:BPMNShape bpmnElement="usertask1" id="BPMNShape_usertask1">
        <omgdc:Bounds height="55" width="105" x="440" y="30"></omgdc:Bounds>
      </bpmndi:BPMNShape>
      <bpmndi:BPMNShape bpmnElement="usertask3" id="BPMNShape_usertask3">
        <omgdc:Bounds height="55" width="105" x="440" y="298"></omgdc:Bounds>
      </bpmndi:BPMNShape>
      <bpmndi:BPMNShape bpmnElement="usertask4" id="BPMNShape_usertask4">
        <omgdc:Bounds height="55" width="105" x="117" y="157"></omgdc:Bounds>
      </bpmndi:BPMNShape>
      <bpmndi:BPMNShape bpmnElement="servicetask1" id="BPMNShape_servicetask1">
        <omgdc:Bounds height="55" width="105" x="790" y="244"></omgdc:Bounds>
      </bpmndi:BPMNShape>
      <bpmndi:BPMNShape bpmnElement="servicetask2" id="BPMNShape_servicetask2">
        <omgdc:Bounds height="55" width="105" x="780" y="96"></omgdc:Bounds>
      </bpmndi:BPMNShape>
      <bpmndi:BPMNShape bpmnElement="endevent1" id="BPMNShape_endevent1">
        <omgdc:Bounds height="35" width="35" x="1000" y="188"></omgdc:Bounds>
      </bpmndi:BPMNShape>
      <bpmndi:BPMNShape bpmnElement="exclusivegateway2" id="BPMNShape_exclusivegateway2">
        <omgdc:Bounds height="40" width="40" x="621" y="164"></omgdc:Bounds>
      </bpmndi:BPMNShape>
      <bpmndi:BPMNEdge bpmnElement="flow2" id="BPMNEdge_flow2">
        <omgdi:waypoint x="314" y="164"></omgdi:waypoint>
        <omgdi:waypoint x="492" y="85"></omgdi:waypoint>
        <bpmndi:BPMNLabel>
          <omgdc:Bounds height="14" width="100" x="-61" y="-20"></omgdc:Bounds>
        </bpmndi:BPMNLabel>
      </bpmndi:BPMNEdge>
      <bpmndi:BPMNEdge bpmnElement="flow4" id="BPMNEdge_flow4">
        <omgdi:waypoint x="314" y="204"></omgdi:waypoint>
        <omgdi:waypoint x="492" y="298"></omgdi:waypoint>
        <bpmndi:BPMNLabel>
          <omgdc:Bounds height="14" width="100" x="-73" y="-35"></omgdc:Bounds>
        </bpmndi:BPMNLabel>
      </bpmndi:BPMNEdge>
      <bpmndi:BPMNEdge bpmnElement="flow5" id="BPMNEdge_flow5">
        <omgdi:waypoint x="85" y="184"></omgdi:waypoint>
        <omgdi:waypoint x="117" y="184"></omgdi:waypoint>
      </bpmndi:BPMNEdge>
      <bpmndi:BPMNEdge bpmnElement="flow6" id="BPMNEdge_flow6">
        <omgdi:waypoint x="222" y="184"></omgdi:waypoint>
        <omgdi:waypoint x="294" y="184"></omgdi:waypoint>
        <bpmndi:BPMNLabel>
          <omgdc:Bounds height="14" width="100" x="-23" y="15"></omgdc:Bounds>
        </bpmndi:BPMNLabel>
      </bpmndi:BPMNEdge>
      <bpmndi:BPMNEdge bpmnElement="flow15" id="BPMNEdge_flow15">
        <omgdi:waypoint x="832" y="151"></omgdi:waypoint>
        <omgdi:waypoint x="1017" y="188"></omgdi:waypoint>
      </bpmndi:BPMNEdge>
      <bpmndi:BPMNEdge bpmnElement="flow16" id="BPMNEdge_flow16">
        <omgdi:waypoint x="842" y="244"></omgdi:waypoint>
        <omgdi:waypoint x="1017" y="223"></omgdi:waypoint>
      </bpmndi:BPMNEdge>
      <bpmndi:BPMNEdge bpmnElement="flow17" id="BPMNEdge_flow17">
        <omgdi:waypoint x="440" y="57"></omgdi:waypoint>
        <omgdi:waypoint x="169" y="57"></omgdi:waypoint>
        <omgdi:waypoint x="169" y="157"></omgdi:waypoint>
        <bpmndi:BPMNLabel>
          <omgdc:Bounds height="14" width="100" x="10" y="0"></omgdc:Bounds>
        </bpmndi:BPMNLabel>
      </bpmndi:BPMNEdge>
      <bpmndi:BPMNEdge bpmnElement="flow19" id="BPMNEdge_flow19">
        <omgdi:waypoint x="440" y="325"></omgdi:waypoint>
        <omgdi:waypoint x="169" y="321"></omgdi:waypoint>
        <omgdi:waypoint x="169" y="212"></omgdi:waypoint>
        <bpmndi:BPMNLabel>
          <omgdc:Bounds height="14" width="100" x="10" y="0"></omgdc:Bounds>
        </bpmndi:BPMNLabel>
      </bpmndi:BPMNEdge>
      <bpmndi:BPMNEdge bpmnElement="flow20" id="BPMNEdge_flow20">
        <omgdi:waypoint x="492" y="85"></omgdi:waypoint>
        <omgdi:waypoint x="641" y="164"></omgdi:waypoint>
        <bpmndi:BPMNLabel>
          <omgdc:Bounds height="14" width="100" x="-62" y="0"></omgdc:Bounds>
        </bpmndi:BPMNLabel>
      </bpmndi:BPMNEdge>
      <bpmndi:BPMNEdge bpmnElement="flow21" id="BPMNEdge_flow21">
        <omgdi:waypoint x="641" y="204"></omgdi:waypoint>
        <omgdi:waypoint x="842" y="244"></omgdi:waypoint>
        <bpmndi:BPMNLabel>
          <omgdc:Bounds height="14" width="100" x="-56" y="-51"></omgdc:Bounds>
        </bpmndi:BPMNLabel>
      </bpmndi:BPMNEdge>
      <bpmndi:BPMNEdge bpmnElement="flow24" id="BPMNEdge_flow24">
        <omgdi:waypoint x="545" y="57"></omgdi:waypoint>
        <omgdi:waypoint x="832" y="96"></omgdi:waypoint>
        <bpmndi:BPMNLabel>
          <omgdc:Bounds height="14" width="100" x="-8" y="-8"></omgdc:Bounds>
        </bpmndi:BPMNLabel>
      </bpmndi:BPMNEdge>
      <bpmndi:BPMNEdge bpmnElement="flow28" id="BPMNEdge_flow28">
        <omgdi:waypoint x="545" y="325"></omgdi:waypoint>
        <omgdi:waypoint x="842" y="299"></omgdi:waypoint>
        <bpmndi:BPMNLabel>
          <omgdc:Bounds height="14" width="100" x="10" y="0"></omgdc:Bounds>
        </bpmndi:BPMNLabel>
      </bpmndi:BPMNEdge>
      <bpmndi:BPMNEdge bpmnElement="flow29" id="BPMNEdge_flow29">
        <omgdi:waypoint x="492" y="298"></omgdi:waypoint>
        <omgdi:waypoint x="832" y="151"></omgdi:waypoint>
        <bpmndi:BPMNLabel>
          <omgdc:Bounds height="14" width="100" x="10" y="0"></omgdc:Bounds>
        </bpmndi:BPMNLabel>
      </bpmndi:BPMNEdge>
      <bpmndi:BPMNEdge bpmnElement="flow30" id="BPMNEdge_flow30">
        <omgdi:waypoint x="641" y="204"></omgdi:waypoint>
        <omgdi:waypoint x="492" y="298"></omgdi:waypoint>
        <bpmndi:BPMNLabel>
          <omgdc:Bounds height="14" width="100" x="-44" y="-20"></omgdc:Bounds>
        </bpmndi:BPMNLabel>
      </bpmndi:BPMNEdge>
    </bpmndi:BPMNPlane>
  </bpmndi:BPMNDiagram>
</definitions>